{"chunk_definitions":[{"row":9,"row_count":1,"visible":true,"expansion_state":0,"options":{"engine":"r","label":"setup","include":false,"dev":"png"},"document_id":"44054557","chunk_id":"csetup_chunk","chunk_label":"setup"},{"row":33,"row_count":1,"visible":true,"expansion_state":0,"options":{"engine":"r","label":"unnamed-chunk-1","dev":"png"},"document_id":"44054557","chunk_id":"cc4h996l3sulb","chunk_label":"unnamed-chunk-1"},{"row":52,"row_count":1,"visible":true,"expansion_state":0,"options":{"engine":"r","label":"unnamed-chunk-3","dev":"png"},"document_id":"44054557","chunk_id":"cugfwn0i3exmz","chunk_label":"unnamed-chunk-2"},{"row":68,"row_count":1,"visible":true,"expansion_state":0,"options":{"engine":"r","label":"unnamed-chunk-4","dev":"png"},"document_id":"44054557","chunk_id":"c1irv13s07et3","chunk_label":"unnamed-chunk-3"}],"doc_write_time":1759176199,"working_dir":null,"default_chunk_options":{"echo":true}}